week_start,source_row_id,metric,value,target,target_residual,anomaly_score,is_alert,injected_anomaly,evidence_id
2024-03-25,SYN-W013,sessions,1005744.0,1004551.0,0.0011875952539990298,0.22611818513688173,0,0,SYN-W013:sessions
2024-04-01,SYN-W014,sessions,1045379.0,1024590.0,0.020290067246410803,1.4154817358244984,0,0,SYN-W014:sessions
2024-04-08,SYN-W015,sessions,1053533.0,1044741.0,0.008415482880445913,0.4806129070988776,0,0,SYN-W015:sessions
2024-04-15,SYN-W016,sessions,1044747.0,1061160.0,-0.015467036073730678,-0.9316794800093179,0,0,SYN-W016:sessions
2024-04-22,SYN-W017,sessions,1077944.0,1070837.0,0.006636864434082845,0.5827185372558955,0,0,SYN-W017:sessions
2024-04-29,SYN-W018,sessions,1053782.0,1072289.0,-0.017259339599678847,-1.380547036081491,0,0,SYN-W018:sessions
2024-05-06,SYN-W019,sessions,1082772.0,1065918.0,0.015811722852977494,1.2026931032587342,0,0,SYN-W019:sessions
2024-05-13,SYN-W020,sessions,1052977.0,1053924.0,-0.0008985467642828038,-0.2532336744798551,0,0,SYN-W020:sessions
2024-05-20,SYN-W021,sessions,1036357.0,1039817.0,-0.0033275085904539425,-0.48121565103977265,0,0,SYN-W021:sessions
2024-05-27,SYN-W022,sessions,1015018.0,1027613.0,-0.012256559619234109,-1.1611836759318366,0,0,SYN-W022:sessions
2024-06-03,SYN-W023,sessions,1043386.0,1020919.0,0.02200664303436417,1.55823712877775,0,0,SYN-W023:sessions
2024-06-10,SYN-W024,sessions,1019256.0,1022099.0,-0.0027815309475892613,-0.46464883094729303,0,0,SYN-W024:sessions
2024-06-17,SYN-W025,sessions,1023766.0,1031720.0,-0.007709456053968111,-0.7552945729415459,0,0,SYN-W025:sessions
2024-06-24,SYN-W026,sessions,1041770.0,1048415.0,-0.006338139000300447,-0.5760922689258009,0,0,SYN-W026:sessions
2024-07-01,SYN-W027,sessions,1079424.0,1069180.0,0.009581174357919053,0.9130766516896793,0,0,SYN-W027:sessions
2024-07-08,SYN-W028,sessions,1097227.0,1090056.0,0.006578561101447944,0.6434525507397183,0,0,SYN-W028:sessions
2024-07-15,SYN-W029,sessions,1115259.0,1107035.0,0.0074288527462997855,0.5951038725278675,0,0,SYN-W029:sessions
2024-07-22,SYN-W030,sessions,1125638.0,1116976.0,0.0077548667115496794,0.6165371748302102,0,0,SYN-W030:sessions
2024-07-29,SYN-W031,sessions,1161450.0,1118339.0,0.0385491340282329,3.6373158305914237,1,0,SYN-W031:sessions
2024-08-05,SYN-W032,sessions,1103411.0,1111543.0,-0.0073159562877909146,-0.9000544721730849,0,0,SYN-W032:sessions
2024-08-12,SYN-W033,sessions,1088756.0,1098888.0,-0.009220229905140487,-0.9766093715735389,0,0,SYN-W033:sessions
2024-08-19,SYN-W034,sessions,1068155.0,1084033.0,-0.014647155575522097,-1.2980675650175324,0,0,SYN-W034:sessions
2024-08-26,SYN-W035,sessions,1083045.0,1071168.0,0.011087896576447376,0.5126989838825343,0,0,SYN-W035:sessions
2024-09-02,SYN-W036,sessions,1085673.0,1064050.0,0.02032141346741234,1.2893958032338884,0,0,SYN-W036:sessions
2024-09-09,SYN-W037,sessions,1062955.0,1065140.0,-0.002051373528362488,-0.4693327388552055,0,0,SYN-W037:sessions
2024-09-16,SYN-W038,sessions,1058769.0,1075026.0,-0.015122424946001356,-1.44752959729338,0,0,SYN-W038:sessions
2024-09-23,SYN-W039,sessions,1076070.0,1092280.0,-0.014840517083531735,-1.301782812825015,0,0,SYN-W039:sessions
2024-09-30,SYN-W040,sessions,1126813.0,1113770.0,0.011710676351490923,0.5984574458622451,0,0,SYN-W040:sessions
2024-10-07,SYN-W041,sessions,1150561.0,1135372.0,0.013377994172834917,0.6702607946004131,0,0,SYN-W041:sessions
2024-10-14,SYN-W042,sessions,1164181.0,1152909.0,0.009777007552200567,0.4046792221941572,0,0,SYN-W042:sessions
2024-10-21,SYN-W043,sessions,1149182.0,1163115.0,-0.011979039046010054,-0.9618299815679779,0,0,SYN-W043:sessions
2024-10-28,SYN-W044,sessions,1017251.0,1164388.0,-0.12636423597632407,-10.007961068709244,1,1,SYN-W044:sessions
2024-11-04,SYN-W045,sessions,1159598.0,1157168.0,0.0020999543713617896,0.34472725242235813,0,0,SYN-W045:sessions
2024-11-11,SYN-W046,sessions,1148354.0,1143851.0,0.0039367015459181864,0.36718697097995867,0,0,SYN-W046:sessions
2024-11-18,SYN-W047,sessions,1145947.0,1128250.0,0.01568535342344335,0.6388881227301135,0,0,SYN-W047:sessions
2024-11-25,SYN-W048,sessions,1119210.0,1114723.0,0.004025215232842605,0.3145141321545817,0,0,SYN-W048:sessions
2024-12-02,SYN-W049,sessions,1120711.0,1107181.0,0.012220224154858128,0.5805184741214346,0,0,SYN-W049:sessions
2024-12-09,SYN-W050,sessions,1109529.0,1108181.0,0.001216407788980245,0.24629203278983122,0,0,SYN-W050:sessions
2024-12-16,SYN-W051,sessions,1124152.0,1118332.0,0.005204179080988469,0.31670835665751784,0,0,SYN-W051:sessions
2024-12-23,SYN-W052,sessions,1149055.0,1136145.0,0.011362986238552253,0.4366949362590367,0,0,SYN-W052:sessions
2024-12-30,SYN-W053,sessions,1127978.0,1158360.0,-0.026228460927518182,-0.5706369588157884,0,0,SYN-W053:sessions
2025-01-06,SYN-W054,sessions,1173893.0,1180687.0,-0.005754276959092475,0.0670650955848278,0,0,SYN-W054:sessions
2025-01-13,SYN-W055,sessions,1188634.0,1198784.0,-0.008466913138647114,0.029305923667040577,0,0,SYN-W055:sessions
2025-01-20,SYN-W056,sessions,1195348.0,1209255.0,-0.011500469297211935,-0.06087882872495347,0,0,SYN-W056:sessions
2025-01-27,SYN-W057,sessions,1385109.0,1210437.0,0.1443049080621297,12.823483188633785,1,1,SYN-W057:sessions
2025-02-03,SYN-W058,sessions,1235159.0,1202793.0,0.02690903588564275,0.35617372846848194,0,0,SYN-W058:sessions
2025-02-10,SYN-W059,sessions,1170287.0,1188815.0,-0.015585267682524218,-0.7149353502324343,0,0,SYN-W059:sessions
2025-02-17,SYN-W060,sessions,1192901.0,1172466.0,0.017429076834637458,0.1407848783162532,0,0,SYN-W060:sessions
2025-02-24,SYN-W061,sessions,1123192.0,1158278.0,-0.03029151896176907,-1.0149370505373054,0,0,SYN-W061:sessions
2025-03-03,SYN-W062,sessions,1143378.0,1150312.0,-0.006027929813824384,-0.34356733770018266,0,0,SYN-W062:sessions
2025-03-10,SYN-W063,sessions,1154594.0,1151221.0,0.002929932654112566,-0.12525912654802784,0,0,SYN-W063:sessions
2025-03-17,SYN-W064,sessions,1173895.0,1161637.0,0.010552349830454721,0.05210395113691195,0,0,SYN-W064:sessions
2024-03-25,SYN-W013,conversion_rate,0.03523858954167263,0.03542,-0.005121695604951126,-0.4996463934789424,0,0,SYN-W013:conversion_rate
2024-04-01,SYN-W014,conversion_rate,0.03552204511473829,0.035455,0.0018909918132361536,0.4262081999487719,0,0,SYN-W014:conversion_rate
2024-04-08,SYN-W015,conversion_rate,0.0357568296389387,0.03549,0.0075184457294645846,1.2411181693814355,0,0,SYN-W015:conversion_rate
2024-04-15,SYN-W016,conversion_rate,0.035393257889230596,0.035525,-0.003708433800686972,-0.2697108888311336,0,0,SYN-W016:conversion_rate
2024-04-22,SYN-W017,conversion_rate,0.03575510416125513,0.03556,0.0054866187079620765,0.8089962377755259,0,0,SYN-W017:conversion_rate
2024-04-29,SYN-W018,conversion_rate,0.03531185767075164,0.035595,-0.0079545534274017,-0.7933578837082711,0,0,SYN-W018:conversion_rate
2024-05-06,SYN-W019,conversion_rate,0.035474689038874296,0.03563,-0.004358994137684702,-0.27236976258336876,0,0,SYN-W019:conversion_rate
2024-05-13,SYN-W020,conversion_rate,0.03550125026472563,0.035665,-0.004591328621179724,-0.4706692860268624,0,0,SYN-W020:conversion_rate
2024-05-20,SYN-W021,conversion_rate,0.035187681464977805,0.0357,-0.01435065924431922,-2.2389886251236706,0,0,SYN-W021:conversion_rate
2024-05-27,SYN-W022,conversion_rate,0.03594419015229287,0.035735,0.005853928985388723,0.9873595879373541,0,0,SYN-W022:conversion_rate
2024-06-03,SYN-W023,conversion_rate,0.035568811542420545,0.03577,-0.005624502588187252,-0.7238107126989003,0,0,SYN-W023:conversion_rate
2024-06-10,SYN-W024,conversion_rate,0.03581043427755147,0.035805000000000003,0.00015177426480850187,0.2272901215717631,0,0,SYN-W024:conversion_rate
2024-06-17,SYN-W025,conversion_rate,0.036046323085548844,0.035840000000000004,0.005756782520893955,1.2718608000464047,0,0,SYN-W025:conversion_rate
2024-06-24,SYN-W026,conversion_rate,0.03606746210775891,0.035875000000000004,0.005364797428819568,1.0148575054722728,0,0,SYN-W026:conversion_rate
2024-07-01,SYN-W027,conversion_rate,0.03619708288865173,0.035910000000000004,0.007994510962175516,1.3360501029035738,0,0,SYN-W027:conversion_rate
2024-07-08,SYN-W028,conversion_rate,0.03590232467848494,0.035945000000000005,-0.0011872394356673421,-0.05317193424324616,0,0,SYN-W028:conversion_rate
2024-07-15,SYN-W029,conversion_rate,0.035797065973016136,0.035980000000000005,-0.0050843253747601125,-0.6728273536711196,0,0,SYN-W029:conversion_rate
2024-07-22,SYN-W030,conversion_rate,0.035980483956653916,0.036015000000000005,-0.0009583796569787584,0.08418895162292021,0,0,SYN-W030:conversion_rate
2024-07-29,SYN-W031,conversion_rate,0.035319643549012014,0.036050000000000006,-0.02025954094280147,-3.1380063357943717,0,0,SYN-W031:conversion_rate
2024-08-05,SYN-W032,conversion_rate,0.03545822907330088,0.036085000000000006,-0.01736929268945897,-1.8559344850972461,0,0,SYN-W032:conversion_rate
2024-08-12,SYN-W033,conversion_rate,0.03554699124505399,0.036120000000000006,-0.015864029760410125,-1.3707804269226216,0,0,SYN-W033:conversion_rate
2024-08-19,SYN-W034,conversion_rate,0.03572234366735165,0.03615500000000001,-0.01196670813575873,-0.9154709624540148,0,0,SYN-W034:conversion_rate
2024-08-26,SYN-W035,conversion_rate,0.03636321667151411,0.03619,0.0047863131117467095,1.0621915584164292,0,0,SYN-W035:conversion_rate
2024-09-02,SYN-W036,conversion_rate,0.03583123095075589,0.036225,-0.01087009107644199,-0.7163260034482135,0,0,SYN-W036:conversion_rate
2024-09-09,SYN-W037,conversion_rate,0.036095601413041946,0.03626,-0.004533882707061676,0.04558669002511307,0,0,SYN-W037:conversion_rate
2024-09-16,SYN-W038,conversion_rate,0.036860731661013876,0.036295,0.015587041218180886,2.367676142528281,0,0,SYN-W038:conversion_rate
2024-09-23,SYN-W039,conversion_rate,0.03617422658377243,0.03633,-0.0042877351012268194,0.0660725245632246,0,0,SYN-W039:conversion_rate
2024-09-30,SYN-W040,conversion_rate,0.036686655194783875,0.036365,0.008845186162075525,1.5325507504435818,0,0,SYN-W040:conversion_rate
2024-10-07,SYN-W041,conversion_rate,0.03599200737727074,0.0364,-0.011208588536518183,-0.5773858633768792,0,0,SYN-W041:conversion_rate
2024-10-14,SYN-W042,conversion_rate,0.03634486390002929,0.036435,-0.002473887744495973,0.3019917520546791,0,0,SYN-W042:conversion_rate
2024-10-21,SYN-W043,conversion_rate,0.036054341261871486,0.03647,-0.011397278259624777,-0.5303325154124656,0,0,SYN-W043:conversion_rate
2024-10-28,SYN-W044,conversion_rate,0.03635680869323304,0.036505,-0.00405947970872389,0.10240268458704117,0,0,SYN-W044:conversion_rate
2024-11-04,SYN-W045,conversion_rate,0.036908480352673946,0.03654,0.01008430083946199,1.548158641103898,0,0,SYN-W045:conversion_rate
2024-11-11,SYN-W046,conversion_rate,0.035816481677252834,0.036575,-0.02073871012295747,-2.090567580973847,0,0,SYN-W046:conversion_rate
2024-11-18,SYN-W047,conversion_rate,0.036801003885869064,0.036610000000000004,0.00521725992540456,0.7629720570793528,0,0,SYN-W047:conversion_rate
2024-11-25,SYN-W048,conversion_rate,0.03270699868657356,0.036645000000000004,-0.10746353700167666,-10.321821834519868,1,1,SYN-W048:conversion_rate
2024-12-02,SYN-W049,conversion_rate,0.03641884482261707,0.036680000000000004,-0.007119824901388627,0.11076178571365218,0,0,SYN-W049:conversion_rate
2024-12-09,SYN-W050,conversion_rate,0.03607747071054474,0.036715000000000005,-0.017364273170509703,-0.21466015215566506,0,0,SYN-W050:conversion_rate
2024-12-16,SYN-W051,conversion_rate,0.03678150285726486,0.036750000000000005,0.000857220605846365,0.48187779812527975,0,0,SYN-W051:conversion_rate
2024-12-23,SYN-W052,conversion_rate,0.03655090487400516,0.036785000000000005,-0.006363874568298011,0.22382540946211027,0,0,SYN-W052:conversion_rate
2024-12-30,SYN-W053,conversion_rate,0.036922705939300235,0.036820000000000006,0.002789406281918261,0.5841721285547384,0,0,SYN-W053:conversion_rate
2025-01-06,SYN-W054,conversion_rate,0.03686451831640533,0.036855000000000006,0.0002582639100616735,0.45221921928419545,0,0,SYN-W054:conversion_rate
2025-01-13,SYN-W055,conversion_rate,0.037599462912889924,0.036890000000000006,0.019231849088910735,1.0802198521415907,0,0,SYN-W055:conversion_rate
2025-01-20,SYN-W056,conversion_rate,0.03681856664335407,0.036925000000000006,-0.0028824199497884395,0.2414480771226262,0,0,SYN-W056:conversion_rate
2025-01-27,SYN-W057,conversion_rate,0.03650615222339902,0.03696000000000001,-0.01227943118509156,-0.06390439445747019,0,0,SYN-W057:conversion_rate
2025-02-03,SYN-W058,conversion_rate,0.037074579062290766,0.036995,0.0021510761532845812,0.46904447045094655,0,0,SYN-W058:conversion_rate
2025-02-10,SYN-W059,conversion_rate,0.03712764475722622,0.03703,0.0026369094579048458,0.42079077685713123,0,0,SYN-W059:conversion_rate
2025-02-17,SYN-W060,conversion_rate,0.0376695132286753,0.037065,0.016309543468914223,0.8772299848106209,0,0,SYN-W060:conversion_rate
2025-02-24,SYN-W061,conversion_rate,0.03747177686450758,0.0371,0.010020939744139756,1.0136992578584547,0,0,SYN-W061:conversion_rate
2025-03-03,SYN-W062,conversion_rate,0.04176921368086495,0.037135,0.12479369007311014,12.160864350879722,1,1,SYN-W062:conversion_rate
2025-03-10,SYN-W063,conversion_rate,0.037822819103511714,0.03717,0.01756306439364308,0.12778662944214955,0,0,SYN-W063:conversion_rate
2025-03-17,SYN-W064,conversion_rate,0.036674489626414626,0.037205,-0.014259115000278877,-0.8334337549697186,0,0,SYN-W064:conversion_rate
2024-03-25,SYN-W013,aov,1216171.0,1211152.0,0.00414398853323128,0.277223496782378,0,0,SYN-W013:aov
2024-04-01,SYN-W014,aov,1201738.0,1213748.0,-0.009894969960815625,-0.882166650807506,0,0,SYN-W014:aov
2024-04-08,SYN-W015,aov,1190411.0,1216344.0,-0.021320448820399518,-1.762309478373379,0,0,SYN-W015:aov
2024-04-15,SYN-W016,aov,1222203.0,1218940.0,0.002676916008991448,0.19281329080704102,0,0,SYN-W016:aov
2024-04-22,SYN-W017,aov,1211606.0,1221536.0,-0.008129109580069738,-0.68805286660237,0,0,SYN-W017:aov
2024-04-29,SYN-W018,aov,1219047.0,1224132.0,-0.004153963788218973,-0.30647754113927933,0,0,SYN-W018:aov
2024-05-06,SYN-W019,aov,1219219.0,1226728.0,-0.006121161333237701,-0.435913454330055,0,0,SYN-W019:aov
2024-05-13,SYN-W020,aov,1227593.0,1229324.0,-0.001408090950798968,-0.1538867857211479,0,0,SYN-W020:aov
2024-05-20,SYN-W021,aov,1245052.0,1231920.0,0.010659783102798803,0.7188370723878723,0,0,SYN-W021:aov
2024-05-27,SYN-W022,aov,1236455.0,1234516.0,0.0015706560303794248,-0.03220957049241642,0,0,SYN-W022:aov
2024-06-03,SYN-W023,aov,1235150.0,1237112.0,-0.0015859517974120552,-0.2311766689776596,0,0,SYN-W023:aov
2024-06-10,SYN-W024,aov,1226869.0,1239708.0,-0.010356471039954518,-0.8477537562703751,0,0,SYN-W024:aov
2024-06-17,SYN-W025,aov,1221499.0,1242304.0,-0.016747108598217486,-1.639393870505495,0,0,SYN-W025:aov
2024-06-24,SYN-W026,aov,1238846.0,1244900.0,-0.004863041208129193,0.0643261109012633,0,0,SYN-W026:aov
2024-07-01,SYN-W027,aov,1246825.0,1247496.0,-0.0005378774761602978,0.5386316953382703,0,0,SYN-W027:aov
2024-07-08,SYN-W028,aov,1272193.0,1250092.0,0.01767949878888908,3.1388518147036533,0,0,SYN-W028:aov
2024-07-15,SYN-W029,aov,1254320.0,1252688.0,0.0013027984621869493,0.3776193013738613,0,0,SYN-W029:aov
2024-07-22,SYN-W030,aov,1267620.0,1255284.0,0.009827258214077483,1.286662134004739,0,0,SYN-W030:aov
2024-07-29,SYN-W031,aov,1251599.0,1257880.0,-0.004993322097497366,-0.5470496198908538,0,0,SYN-W031:aov
2024-08-05,SYN-W032,aov,1245540.0,1260476.0,-0.011849491779296062,-1.3244122563352445,0,0,SYN-W032:aov
2024-08-12,SYN-W033,aov,1250882.0,1263072.0,-0.009651072939626526,-0.9226258518245801,0,0,SYN-W033:aov
2024-08-19,SYN-W034,aov,1256489.0,1265668.0,-0.007252296810854042,-0.5161649615485342,0,0,SYN-W034:aov
2024-08-26,SYN-W035,aov,1295259.0,1268264.0,0.02128500059924443,2.675682505358038,0,0,SYN-W035:aov
2024-09-02,SYN-W036,aov,1260421.0,1270860.0,-0.008214122720047845,-0.6014041563172507,0,0,SYN-W036:aov
2024-09-09,SYN-W037,aov,1284134.0,1273456.0,0.00838505609930773,0.845883402884543,0,0,SYN-W037:aov
2024-09-16,SYN-W038,aov,1264530.0,1276052.0,-0.009029412594471098,-0.9469731621137287,0,0,SYN-W038:aov
2024-09-23,SYN-W039,aov,1290560.0,1278648.0,0.009316090120189413,0.8116119580598111,0,0,SYN-W039:aov
2024-09-30,SYN-W040,aov,1286176.0,1281244.0,0.0038493838800415237,0.22220281933886202,0,0,SYN-W040:aov
2024-10-07,SYN-W041,aov,1281829.0,1283840.0,-0.0015663945663011436,-0.18276928444194554,0,0,SYN-W041:aov
2024-10-14,SYN-W042,aov,1285912.0,1286436.0,-0.0004073269093837206,-0.04190051726157966,0,0,SYN-W042:aov
2024-10-21,SYN-W043,aov,1280592.0,1289032.0,-0.0065475488583681685,-0.6014515529064991,0,0,SYN-W043:aov
2024-10-28,SYN-W044,aov,1297390.0,1291628.0,0.004461036769100701,0.56911294696779,0,0,SYN-W044:aov
2024-11-04,SYN-W045,aov,1288335.0,1294224.0,-0.004550216963987719,-0.5452707573018266,0,0,SYN-W045:aov
2024-11-11,SYN-W046,aov,1280926.0,1296820.0,-0.012256134236054317,-1.5048514102158888,0,0,SYN-W046:aov
2024-11-18,SYN-W047,aov,1282810.0,1299416.0,-0.012779587137606407,-1.4370353874246655,0,0,SYN-W047:aov
2024-11-25,SYN-W048,aov,1304259.0,1302012.0,0.001725790545709316,0.5672080215625913,0,0,SYN-W048:aov
2024-12-02,SYN-W049,aov,1325209.0,1304608.0,0.015790950231793666,2.4126599709255996,0,0,SYN-W049:aov
2024-12-09,SYN-W050,aov,1309295.0,1307204.0,0.0015995973084537152,0.3138164154479515,0,0,SYN-W050:aov
2024-12-16,SYN-W051,aov,1308246.0,1309800.0,-0.0011864406779661385,-0.13515579296337582,0,0,SYN-W051:aov
2024-12-23,SYN-W052,aov,1184532.0,1312396.0,-0.09742791047823984,-13.013623867194992,1,1,SYN-W052:aov
2024-12-30,SYN-W053,aov,1332166.0,1314992.0,0.013060155499044823,0.8174912176086523,0,0,SYN-W053:aov
2025-01-06,SYN-W054,aov,1320479.0,1317588.0,0.002194160845423676,0.36962213646440556,0,0,SYN-W054:aov
2025-01-13,SYN-W055,aov,1314759.0,1320184.0,-0.0041092756767238114,0.13763935664814148,0,0,SYN-W055:aov
2025-01-20,SYN-W056,aov,1337414.0,1322780.0,0.011063064152769142,0.667708416446446,0,0,SYN-W056:aov
2025-01-27,SYN-W057,aov,1331059.0,1325376.0,0.004287839828094109,0.4040293420344551,0,0,SYN-W057:aov
2025-02-03,SYN-W058,aov,1348366.0,1327972.0,0.015357251508314906,0.7615592796113816,0,0,SYN-W058:aov
2025-02-10,SYN-W059,aov,1333006.0,1330568.0,0.0018323001905953262,0.20628122161440463,0,0,SYN-W059:aov
2025-02-17,SYN-W060,aov,1316840.0,1333164.0,-0.012244555058492423,-0.31740583643412956,0,0,SYN-W060:aov
2025-02-24,SYN-W061,aov,1317485.0,1335760.0,-0.013681349943103549,-0.3259955898383646,0,0,SYN-W061:aov
2025-03-03,SYN-W062,aov,1360451.0,1338356.0,0.016509060369587658,0.8054438875635024,0,0,SYN-W062:aov
2025-03-10,SYN-W063,aov,1364066.0,1340952.0,0.01723700773778636,0.7702336169810475,0,0,SYN-W063:aov
2025-03-17,SYN-W064,aov,1341136.0,1343548.0,-0.001795246615677315,0.0677344314663726,0,0,SYN-W064:aov
2024-03-25,SYN-W013,service_failure_rate,0.0289936685148123,0.03056,-0.051254302525775564,-2.8228325683399085,0,0,SYN-W013:service_failure_rate
2024-04-01,SYN-W014,service_failure_rate,0.030402925296131183,0.030440000000000002,-0.0012179600482529196,-0.047190204267032056,0,0,SYN-W014:service_failure_rate
2024-04-08,SYN-W015,service_failure_rate,0.029680831455118004,0.03032,-0.021080756757321795,-0.8187012985698687,0,0,SYN-W015:service_failure_rate
2024-04-15,SYN-W016,service_failure_rate,0.029279796139380164,0.0302,-0.030470326510590673,-1.3067793255442042,0,0,SYN-W016:service_failure_rate
2024-04-22,SYN-W017,service_failure_rate,0.02941962942006958,0.03008,-0.021953809173218763,-0.8458253236864974,0,0,SYN-W017:service_failure_rate
2024-04-29,SYN-W018,service_failure_rate,0.029709741542915093,0.02996,-0.008353086017520273,-0.08504535246419713,0,0,SYN-W018:service_failure_rate
2024-05-06,SYN-W019,service_failure_rate,0.03052326329659759,0.029840000000000002,0.02289756355890038,1.3486570743408455,0,0,SYN-W019:service_failure_rate
2024-05-13,SYN-W020,service_failure_rate,0.028734490210719502,0.02972,-0.0331598179434891,-1.239906666060124,0,0,SYN-W020:service_failure_rate
2024-05-20,SYN-W021,service_failure_rate,0.029622667304519873,0.0296,0.0007657873148605443,0.31267580036327003,0,0,SYN-W021:service_failure_rate
2024-05-27,SYN-W022,service_failure_rate,0.029123167127633152,0.02948,-0.012104235833339416,-0.18966850743130453,0,0,SYN-W022:service_failure_rate
2024-06-03,SYN-W023,service_failure_rate,0.029119487948738323,0.02936,-0.008191827359048998,0.16012236202331637,0,0,SYN-W023:service_failure_rate
2024-06-10,SYN-W024,service_failure_rate,0.02997301597029767,0.029240000000000002,0.02506894563261519,1.865484680977076,0,0,SYN-W024:service_failure_rate
2024-06-17,SYN-W025,service_failure_rate,0.02951174803813886,0.02912,0.01345288592509819,1.1795274631065606,0,0,SYN-W025:service_failure_rate
2024-06-24,SYN-W026,service_failure_rate,0.02996961362789599,0.029,0.033434952686068664,2.140637650591428,0,0,SYN-W026:service_failure_rate
2024-07-01,SYN-W027,service_failure_rate,0.028768446899581572,0.02888,-0.0038626419812475277,-0.025778974633854188,0,0,SYN-W027:service_failure_rate
2024-07-08,SYN-W028,service_failure_rate,0.028259617262208766,0.02876,-0.01739856529176753,-0.7445085735091765,0,0,SYN-W028:service_failure_rate
2024-07-15,SYN-W029,service_failure_rate,0.02847971708711356,0.02864,-0.0055964704220125006,-0.24508737543621212,0,0,SYN-W029:service_failure_rate
2024-07-22,SYN-W030,service_failure_rate,0.028692900212176378,0.02852,0.006062419781780459,0.29377343185296434,0,0,SYN-W030:service_failure_rate
2024-07-29,SYN-W031,service_failure_rate,0.028525367084502134,0.0284,0.00441433396134272,0.1422510705448714,0,0,SYN-W031:service_failure_rate
2024-08-05,SYN-W032,service_failure_rate,0.02751333763293101,0.02828,-0.027109701805834163,-1.5691562299276394,0,0,SYN-W032:service_failure_rate
2024-08-12,SYN-W033,service_failure_rate,0.02822370480626602,0.02816,0.0022622445406967895,0.09186253719752273,0,0,SYN-W033:service_failure_rate
2024-08-19,SYN-W034,service_failure_rate,0.028199988059427375,0.028040000000000002,0.005705708253472608,0.29265895165104466,0,0,SYN-W034:service_failure_rate
2024-08-26,SYN-W035,service_failure_rate,0.02967719687819868,0.02792,0.06293685093834811,3.765819653836427,1,0,SYN-W035:service_failure_rate
2024-09-02,SYN-W036,service_failure_rate,0.029104407004840762,0.027800000000000002,0.04692111528204168,1.6940381808631193,0,0,SYN-W036:service_failure_rate
2024-09-09,SYN-W037,service_failure_rate,0.027089555601413295,0.02768,-0.021331083763970526,-1.2645297935623485,0,0,SYN-W037:service_failure_rate
2024-09-16,SYN-W038,service_failure_rate,0.02736199286389262,0.02756,-0.007184584038729458,-0.5473822936497561,0,0,SYN-W038:service_failure_rate
2024-09-23,SYN-W039,service_failure_rate,0.026436078786739814,0.02744,-0.03658605004592508,-1.5979425429410024,0,0,SYN-W039:service_failure_rate
2024-09-30,SYN-W040,service_failure_rate,0.026916547109462938,0.02732,-0.014767675349087184,-0.5741228798846308,0,0,SYN-W040:service_failure_rate
2024-10-07,SYN-W041,service_failure_rate,0.027414611402441433,0.027200000000000002,0.007890125089758504,0.23938170548581147,0,0,SYN-W041:service_failure_rate
2024-10-14,SYN-W042,service_failure_rate,0.027896362901341332,0.02708,0.030146340522205772,1.0093250267577825,0,0,SYN-W042:service_failure_rate
2024-10-21,SYN-W043,service_failure_rate,0.02646859749336081,0.02696,-0.018227095943590177,-0.7951709988376099,0,0,SYN-W043:service_failure_rate
2024-10-28,SYN-W044,service_failure_rate,0.02640106773871451,0.02684,-0.016353661001694886,-0.6478059814142227,0,0,SYN-W044:service_failure_rate
2024-11-04,SYN-W045,service_failure_rate,0.02528561092813458,0.02672,-0.05368222574346637,-2.010419730932772,0,0,SYN-W045:service_failure_rate
2024-11-11,SYN-W046,service_failure_rate,0.033909538768432175,0.0266,0.2747946905425631,8.486340044140109,1,1,SYN-W046:service_failure_rate
2024-11-18,SYN-W047,service_failure_rate,0.025776681659348967,0.02648,-0.026560360296489116,-0.5751570872519148,0,0,SYN-W047:service_failure_rate
2024-11-25,SYN-W048,service_failure_rate,0.02601109941736576,0.02636,-0.013235985684151852,-0.3251989346836424,0,0,SYN-W048:service_failure_rate
2024-12-02,SYN-W049,service_failure_rate,0.02566477932952206,0.02624,-0.021921519454189742,-0.3709594141015737,0,0,SYN-W049:service_failure_rate
2024-12-09,SYN-W050,service_failure_rate,0.02605844655207308,0.02612,-0.002356563856313887,-0.13364213275461836,0,0,SYN-W050:service_failure_rate
2024-12-16,SYN-W051,service_failure_rate,0.024857476545618193,0.026000000000000002,-0.04394320978391575,-0.642021849476054,0,0,SYN-W051:service_failure_rate
2024-12-23,SYN-W052,service_failure_rate,0.024930821726232028,0.02588,-0.03667613113477486,-0.5442401124789709,0,0,SYN-W052:service_failure_rate
2024-12-30,SYN-W053,service_failure_rate,0.027131235140146228,0.02576,0.05323117780070752,0.5564262493556716,0,0,SYN-W053:service_failure_rate
2025-01-06,SYN-W054,service_failure_rate,0.024814762125403348,0.02564,-0.03218556453185073,-0.503239103924134,0,0,SYN-W054:service_failure_rate
2025-01-13,SYN-W055,service_failure_rate,0.024820250800945944,0.02552,-0.02741963946136594,-0.38318319953178037,0,0,SYN-W055:service_failure_rate
2025-01-20,SYN-W056,service_failure_rate,0.02656644009048403,0.0254,0.04592283820803278,0.4848829537252988,0,0,SYN-W056:service_failure_rate
2025-01-27,SYN-W057,service_failure_rate,0.027116002450959936,0.02528,0.07262667923101018,0.7325609879700488,0,0,SYN-W057:service_failure_rate
2025-02-03,SYN-W058,service_failure_rate,0.024423084590468862,0.025160000000000002,-0.02928916572063356,-0.5802056061415116,0,0,SYN-W058:service_failure_rate
2025-02-10,SYN-W059,service_failure_rate,0.024809476153050694,0.02504,-0.009206223919700718,-0.10716251894853528,0,0,SYN-W059:service_failure_rate
2025-02-17,SYN-W060,service_failure_rate,0.03292395373178908,0.02492,0.3211859442933016,8.703750561349608,1,1,SYN-W060:service_failure_rate
2025-02-24,SYN-W061,service_failure_rate,0.02587179253953147,0.024800000000000003,0.04321744111013981,0.19646558645509324,0,0,SYN-W061:service_failure_rate
2025-03-03,SYN-W062,service_failure_rate,0.024071109182609778,0.02468,-0.0246714269607059,-0.5648466948669649,0,0,SYN-W062:service_failure_rate
2025-03-10,SYN-W063,service_failure_rate,0.024409399402591545,0.02456,-0.006131946148552614,-0.34954908666770274,0,0,SYN-W063:service_failure_rate
2025-03-17,SYN-W064,service_failure_rate,0.024914953258973725,0.02444,0.01943343940154363,-0.12040566837739804,0,0,SYN-W064:service_failure_rate
