week_start,source_row_id,sessions,orders,conversion_rate,aov,nmv,service_failure_rate,target_sessions,target_orders,target_conversion_rate,target_aov,target_nmv,target_service_failure_rate
2024-01-01,EXAMPLE-W001,985375,34782,0.0352982367119117,1172451,40780190682.0,0.0316934501430912,980000,34300,0.035,1180000,40474000000.0,0.032
2024-01-08,EXAMPLE-W002,980717,34687,0.0353690208286386,1171638,40640607306.0,0.033044771100917,999426,35015,0.035035,1182596,41408598940.0,0.03188
2024-01-15,EXAMPLE-W003,1029001,35936,0.0349231924944679,1180572,42425035392.0,0.0308810057284574,1015286,35606,0.03507,1185192,42199946352.0,0.03176
2024-01-22,EXAMPLE-W004,1042046,36378,0.0349101671135439,1171436,42614498808.0,0.0309322709280059,1024697,35972,0.035105,1187788,42727109936.0,0.03164
2024-01-29,EXAMPLE-W005,990200,35154,0.0355019188042819,1197945,42112558530.0,0.0320269415142149,1026240,36062,0.03514,1190384,42927627808.0,0.03152
2024-02-05,EXAMPLE-W006,996378,34967,0.0350941108695695,1190329,41622234143.0,0.0310902349785552,1020293,35889,0.035175,1192980,42814859220.0,0.0314
2024-02-12,EXAMPLE-W007,1011283,35062,0.0346708092591292,1177991,41302720442.0,0.0312759947002249,1008961,35526,0.03521,1195576,42474032976.0,0.03128
2024-02-19,EXAMPLE-W008,989933,34416,0.0347659892134114,1186004,40817513664.0,0.0310326779820494,995600,35090,0.035245,1198172,42043855480.0,0.03116
2024-02-26,EXAMPLE-W009,983760,34324,0.0348906237293648,1204533,41344390692.0,0.0313019578498679,984058,34718,0.03528,1200768,41688263424.0,0.03104
2024-03-04,EXAMPLE-W010,962775,34203,0.0355254342915011,1213450,41503630350.0,0.0320079834787955,977789,34531,0.035315,1203364,41553362284.0,0.03092
2024-03-11,EXAMPLE-W011,994556,35218,0.035410776265992,1230040,43319548720.0,0.0308697503783143,979058,34610,0.03535,1205960,41738275600.0,0.0308
2024-03-18,EXAMPLE-W012,1002253,35759,0.0356786160779763,1243772,44476042948.0,0.0311739010544433,988415,34975,0.035385,1208556,42269246100.0,0.03068
2024-03-25,EXAMPLE-W013,1005744,35441,0.0352385895416726,1216171,43102316411.0,0.0289936685148123,1004551,35581,0.03542,1211152,43093999312.0,0.03056
2024-04-01,EXAMPLE-W014,1045379,37134,0.0355220451147382,1201738,44625338892.0,0.0304029252961311,1024590,36327,0.035455,1213748,44091823596.0,0.03044
2024-04-08,EXAMPLE-W015,1053533,37671,0.0357568296389387,1190411,44843972781.0,0.029680831455118,1044741,37078,0.03549,1216344,45099602832.0,0.03032
2024-04-15,EXAMPLE-W016,1044747,36977,0.0353932578892305,1222203,45193400331.0,0.0292797961393801,1061160,37698,0.035525,1218940,45951600120.0,0.0302
