week_start,source_row_id,sessions,orders,conversion_rate,aov,nmv,service_failure_rate,target_sessions,target_orders,target_conversion_rate,target_aov,target_nmv,target_service_failure_rate,injected_sessions,injected_conversion_rate,injected_aov,injected_service_failure_rate
2024-01-01,SYN-W001,985375,34782,0.03529823671191171,1172451,40780190682.0,0.03169345014309121,980000,34300,0.035,1180000,40474000000.0,0.032,0,0,0,0
2024-01-08,SYN-W002,980717,34687,0.03536902082863864,1171638,40640607306.0,0.03304477110091703,999426,35015,0.035035000000000004,1182596,41408598940.0,0.03188,0,0,0,0
2024-01-15,SYN-W003,1029001,35936,0.03492319249446794,1180572,42425035392.0,0.030881005728457474,1015286,35606,0.035070000000000004,1185192,42199946352.0,0.031760000000000004,0,0,0,0
2024-01-22,SYN-W004,1042046,36378,0.03491016711354393,1171436,42614498808.0,0.03093227092800594,1024697,35972,0.035105000000000004,1187788,42727109936.0,0.03164,0,0,0,0
2024-01-29,SYN-W005,990200,35154,0.03550191880428196,1197945,42112558530.0,0.032026941514214965,1026240,36062,0.035140000000000005,1190384,42927627808.0,0.03152,0,0,0,0
2024-02-05,SYN-W006,996378,34967,0.03509411086956958,1190329,41622234143.0,0.031090234978555217,1020293,35889,0.035175000000000005,1192980,42814859220.0,0.0314,0,0,0,0
2024-02-12,SYN-W007,1011283,35062,0.03467080925912924,1177991,41302720442.0,0.03127599470022491,1008961,35526,0.035210000000000005,1195576,42474032976.0,0.03128,0,0,0,0
2024-02-19,SYN-W008,989933,34416,0.03476598921341141,1186004,40817513664.0,0.031032677982049405,995600,35090,0.035245000000000005,1198172,42043855480.0,0.03116,0,0,0,0
2024-02-26,SYN-W009,983760,34324,0.034890623729364884,1204533,41344390692.0,0.03130195784986797,984058,34718,0.035280000000000006,1200768,41688263424.0,0.03104,0,0,0,0
2024-03-04,SYN-W010,962775,34203,0.03552543429150113,1213450,41503630350.0,0.03200798347879551,977789,34531,0.035315000000000006,1203364,41553362284.0,0.03092,0,0,0,0
2024-03-11,SYN-W011,994556,35218,0.03541077626599206,1230040,43319548720.0,0.030869750378314343,979058,34610,0.035350000000000006,1205960,41738275600.0,0.0308,0,0,0,0
2024-03-18,SYN-W012,1002253,35759,0.035678616077976316,1243772,44476042948.0,0.031173901054443353,988415,34975,0.03538500000000001,1208556,42269246100.0,0.03068,0,0,0,0
2024-03-25,SYN-W013,1005744,35441,0.03523858954167263,1216171,43102316411.0,0.0289936685148123,1004551,35581,0.03542,1211152,43093999312.0,0.03056,0,0,0,0
2024-04-01,SYN-W014,1045379,37134,0.03552204511473829,1201738,44625338892.0,0.030402925296131183,1024590,36327,0.035455,1213748,44091823596.0,0.030440000000000002,0,0,0,0
2024-04-08,SYN-W015,1053533,37671,0.0357568296389387,1190411,44843972781.0,0.029680831455118004,1044741,37078,0.03549,1216344,45099602832.0,0.03032,0,0,0,0
2024-04-15,SYN-W016,1044747,36977,0.035393257889230596,1222203,45193400331.0,0.029279796139380164,1061160,37698,0.035525,1218940,45951600120.0,0.0302,0,0,0,0
2024-04-22,SYN-W017,1077944,38542,0.03575510416125513,1211606,46697718452.0,0.02941962942006958,1070837,38079,0.03556,1221536,46514869344.0,0.03008,0,0,0,0
2024-04-29,SYN-W018,1053782,37211,0.03531185767075164,1219047,45361957917.0,0.029709741542915093,1072289,38168,0.035595,1224132,46722670176.0,0.02996,0,0,0,0
2024-05-06,SYN-W019,1082772,38411,0.035474689038874296,1219219,46831421009.0,0.03052326329659759,1065918,37979,0.03563,1226728,46589902712.0,0.029840000000000002,0,0,0,0
2024-05-13,SYN-W020,1052977,37382,0.03550125026472563,1227593,45889881526.0,0.028734490210719502,1053924,37588,0.035665,1229324,46207830512.0,0.02972,0,0,0,0
2024-05-20,SYN-W021,1036357,36467,0.035187681464977805,1245052,45403311284.0,0.029622667304519873,1039817,37121,0.0357,1231920,45730102320.0,0.0296,0,0,0,0
2024-05-27,SYN-W022,1015018,36484,0.03594419015229287,1236455,45110824220.0,0.029123167127633152,1027613,36722,0.035735,1234516,45333896552.0,0.02948,0,0,0,0
2024-06-03,SYN-W023,1043386,37112,0.035568811542420545,1235150,45838886800.0,0.029119487948738323,1020919,36518,0.03577,1237112,45176856016.0,0.02936,0,0,0,0
2024-06-10,SYN-W024,1019256,36500,0.03581043427755147,1226869,44780718500.0,0.02997301597029767,1022099,36596,0.035805000000000003,1239708,45368353968.0,0.029240000000000002,0,0,0,0
2024-06-17,SYN-W025,1023766,36903,0.036046323085548844,1221499,45076977597.0,0.02951174803813886,1031720,36977,0.035840000000000004,1242304,45936675008.0,0.02912,0,0,0,0
2024-06-24,SYN-W026,1041770,37574,0.03606746210775891,1238846,46548399604.0,0.02996961362789599,1048415,37612,0.035875000000000004,1244900,46823178800.0,0.029,0,0,0,0
2024-07-01,SYN-W027,1079424,39072,0.03619708288865173,1246825,48715946400.0,0.028768446899581572,1069180,38394,0.035910000000000004,1247496,47896361424.0,0.02888,0,0,0,0
2024-07-08,SYN-W028,1097227,39393,0.03590232467848494,1272193,50115498849.0,0.028259617262208766,1090056,39182,0.035945000000000005,1250092,48981104744.0,0.02876,0,0,0,0
2024-07-15,SYN-W029,1115259,39923,0.035797065973016136,1254320,50076217360.0,0.02847971708711356,1107035,39831,0.035980000000000005,1252688,49895815728.0,0.02864,0,0,0,0
2024-07-22,SYN-W030,1125638,40501,0.035980483956653916,1267620,51339877620.0,0.028692900212176378,1116976,40228,0.036015000000000005,1255284,50497564752.0,0.02852,0,0,0,0
2024-07-29,SYN-W031,1161450,41022,0.035319643549012014,1251599,51343094178.0,0.028525367084502134,1118339,40316,0.036050000000000006,1257880,50712690080.0,0.0284,0,0,0,0
2024-08-05,SYN-W032,1103411,39125,0.03545822907330088,1245540,48731752500.0,0.02751333763293101,1111543,40110,0.036085000000000006,1260476,50557692360.0,0.02828,0,0,0,0
2024-08-12,SYN-W033,1088756,38702,0.03554699124505399,1250882,48411635164.0,0.02822370480626602,1098888,39692,0.036120000000000006,1263072,50133853824.0,0.02816,0,0,0,0
2024-08-19,SYN-W034,1068155,38157,0.03572234366735165,1256489,47943850773.0,0.028199988059427375,1084033,39193,0.03615500000000001,1265668,49605325924.0,0.028040000000000002,0,0,0,0
2024-08-26,SYN-W035,1083045,39383,0.03636321667151411,1295259,51011185197.0,0.02967719687819868,1071168,38766,0.03619,1268264,49165522224.0,0.02792,0,0,0,0
2024-09-02,SYN-W036,1085673,38901,0.03583123095075589,1260421,49031637321.0,0.029104407004840762,1064050,38545,0.036225,1270860,48985298700.0,0.027800000000000002,0,0,0,0
2024-09-09,SYN-W037,1062955,38368,0.036095601413041946,1284134,49269653312.0,0.027089555601413295,1065140,38622,0.03626,1273456,49183417632.0,0.02768,0,0,0,0
2024-09-16,SYN-W038,1058769,39027,0.036860731661013876,1264530,49350812310.0,0.02736199286389262,1075026,39018,0.036295,1276052,49788996936.0,0.02756,0,0,0,0
2024-09-23,SYN-W039,1076070,38926,0.03617422658377243,1290560,50236338560.0,0.026436078786739814,1092280,39683,0.03633,1278648,50740588584.0,0.02744,0,0,0,0
2024-09-30,SYN-W040,1126813,41339,0.036686655194783875,1286176,53169229664.0,0.026916547109462938,1113770,40502,0.036365,1281244,51892944488.0,0.02732,0,0,0,0
2024-10-07,SYN-W041,1150561,41411,0.03599200737727074,1281829,53081820719.0,0.027414611402441433,1135372,41328,0.0364,1283840,53058539520.0,0.027200000000000002,0,0,0,0
2024-10-14,SYN-W042,1164181,42312,0.03634486390002929,1285912,54409508544.0,0.027896362901341332,1152909,42006,0.036435,1286436,54038030616.0,0.02708,0,0,0,0
2024-10-21,SYN-W043,1149182,41433,0.036054341261871486,1280592,53058768336.0,0.02646859749336081,1163115,42419,0.03647,1289032,54679448408.0,0.02696,0,0,0,0
2024-10-28,SYN-W044,1017251,36984,0.03635680869323304,1297390,47982671760.0,0.02640106773871451,1164388,42506,0.036505,1291628,54901939768.0,0.02684,1,0,0,0
2024-11-04,SYN-W045,1159598,42799,0.036908480352673946,1288335,55139449665.0,0.02528561092813458,1157168,42283,0.03654,1294224,54723673392.0,0.02672,0,0,0,0
2024-11-11,SYN-W046,1148354,41130,0.035816481677252834,1280926,52684486380.0,0.033909538768432175,1143851,41836,0.036575,1296820,54253761520.0,0.0266,0,0,0,1
2024-11-18,SYN-W047,1145947,42172,0.036801003885869064,1282810,54098663320.0,0.025776681659348967,1128250,41305,0.036610000000000004,1299416,53672377880.0,0.02648,0,0,0,0
2024-11-25,SYN-W048,1119210,36606,0.03270699868657356,1304259,47743704954.0,0.02601109941736576,1114723,40849,0.036645000000000004,1302012,53185888188.0,0.02636,0,1,0,0
2024-12-02,SYN-W049,1120711,40815,0.03641884482261707,1325209,54088405335.0,0.02566477932952206,1107181,40611,0.036680000000000004,1304608,52981435488.0,0.02624,0,0,0,0
2024-12-09,SYN-W050,1109529,40029,0.03607747071054474,1309295,52409769555.0,0.02605844655207308,1108181,40687,0.036715000000000005,1307204,53186209148.0,0.02612,0,0,0,0
2024-12-16,SYN-W051,1124152,41348,0.03678150285726486,1308246,54093355608.0,0.024857476545618193,1118332,41099,0.036750000000000005,1309800,53831470200.0,0.026000000000000002,0,0,0,0
2024-12-23,SYN-W052,1149055,41999,0.03655090487400516,1184532,49749159468.0,0.024930821726232028,1136145,41793,0.036785000000000005,1312396,54848966028.0,0.02588,0,0,1,0
2024-12-30,SYN-W053,1127978,41648,0.036922705939300235,1332166,55482049568.0,0.027131235140146228,1158360,42651,0.036820000000000006,1314992,56085723792.0,0.02576,0,0,0,0
2025-01-06,SYN-W054,1173893,43275,0.03686451831640533,1320479,57143728725.0,0.024814762125403348,1180687,43514,0.036855000000000006,1317588,57333524232.0,0.02564,0,0,0,0
2025-01-13,SYN-W055,1188634,44692,0.037599462912889924,1314759,58759209228.0,0.024820250800945944,1198784,44223,0.036890000000000006,1320184,58382497032.0,0.02552,0,0,0,0
2025-01-20,SYN-W056,1195348,44011,0.03681856664335407,1337414,58860927554.0,0.02656644009048403,1209255,44652,0.036925000000000006,1322780,59064772560.0,0.0254,0,0,0,0
2025-01-27,SYN-W057,1385109,50565,0.03650615222339902,1331059,67304998335.0,0.027116002450959936,1210437,44738,0.03696000000000001,1325376,59294671488.0,0.02528,1,0,0,0
2025-02-03,SYN-W058,1235159,45793,0.037074579062290766,1348366,61745724238.0,0.024423084590468862,1202793,44497,0.036995,1327972,59090770084.0,0.025160000000000002,0,0,0,0
2025-02-10,SYN-W059,1170287,43450,0.03712764475722622,1333006,57919110700.0,0.024809476153050694,1188815,44022,0.03703,1330568,58574264496.0,0.02504,0,0,0,0
2025-02-17,SYN-W060,1192901,44936,0.0376695132286753,1316840,59173522240.0,0.03292395373178908,1172466,43457,0.037065,1333164,57935307948.0,0.02492,0,0,0,1
2025-02-24,SYN-W061,1123192,42088,0.03747177686450758,1317485,55450308680.0,0.02587179253953147,1158278,42972,0.0371,1335760,57400278720.0,0.024800000000000003,0,0,0,0
2025-03-03,SYN-W062,1143378,47758,0.04176921368086495,1360451,64972418858.0,0.024071109182609778,1150312,42717,0.037135,1338356,57170553252.0,0.02468,0,1,0,0
2025-03-10,SYN-W063,1154594,43670,0.037822819103511714,1364066,59568762220.0,0.024409399402591545,1151221,42791,0.03717,1340952,57380677032.0,0.02456,0,0,0,0
2025-03-17,SYN-W064,1173895,43052,0.036674489626414626,1341136,57738587072.0,0.024914953258973725,1161637,43219,0.037205,1343548,58066801012.0,0.02444,0,0,0,0
